Variant,Chrom,Position,Ref,Alt,SRR098026.called
Variant1,CP000819.1,9972,T,G,G
Variant2,CP000819.1,10563,G,A,A
Variant3,CP000819.1,81158,A,C,C
Variant4,CP000819.1,216480,C,T,T
Variant5,CP000819.1,247796,T,C,C
Variant6,CP000819.1,281923,G,T,T
Variant7,CP000819.1,398061,G,C,C
Variant8,CP000819.1,447290,T,C,C
Variant9,CP000819.1,549238,C,T,T
Variant10,CP000819.1,550350,A,C,C
Variant11,CP000819.1,553093,C,T,T
Variant12,CP000819.1,648692,C,T,T
Variant13,CP000819.1,734488,C,T,T
Variant14,CP000819.1,943475,C,T,T
Variant15,CP000819.1,1331794,C,A,A
Variant16,CP000819.1,1462254,G,T,T
Variant17,CP000819.1,1609650,T,A,A
Variant18,CP000819.1,1613990,A,G,G
Variant19,CP000819.1,1729312,C,T,T
Variant20,CP000819.1,1729715,A,T,T
Variant21,CP000819.1,1733343,G,A,A
Variant22,CP000819.1,2048911,C,A,A
Variant23,CP000819.1,2051606,A,T,T
Variant24,CP000819.1,2054141,G,A,A
Variant25,CP000819.1,2089095,A,T,T
Variant26,CP000819.1,2092381,G,T,T
Variant27,CP000819.1,2094283,A,G,G
Variant28,CP000819.1,2098547,A,G,G
Variant29,CP000819.1,2109354,A,G,G
Variant30,CP000819.1,2110483,A,G,G
Variant31,CP000819.1,2110755,C,G,G
Variant32,CP000819.1,2121981,G,C,C
Variant33,CP000819.1,2333538,AT,ATT,ATT
Variant34,CP000819.1,2389878,G,T,T
Variant35,CP000819.1,2446984,A,C,C
Variant36,CP000819.1,2611312,CT,C,C
Variant37,CP000819.1,2665639,A,T,T
Variant38,CP000819.1,2843036,G,A,A
Variant39,CP000819.1,2999330,G,A,A
Variant40,CP000819.1,3015775,C,G,G
Variant41,CP000819.1,3017716,C,T,T
Variant42,CP000819.1,3019642,A,T,T
Variant43,CP000819.1,3023519,A,T,T
Variant44,CP000819.1,3028502,C,G,G
Variant45,CP000819.1,3035120,C,A,A
Variant46,CP000819.1,3288025,T,A,A
Variant47,CP000819.1,3339313,A,C,C
Variant48,CP000819.1,3401754,C,A,A
Variant49,CP000819.1,3463900,C,T,T
Variant50,CP000819.1,3481820,A,G,G
Variant51,CP000819.1,3488669,A,C,C
Variant52,CP000819.1,3612959,C,T,T
Variant53,CP000819.1,3742142,A,C,C
Variant54,CP000819.1,3786731,AGGGGGG,AGGGGG,AGGGGG
Variant55,CP000819.1,3893548,CCA,C,C
Variant56,CP000819.1,3895000,G,T,T
Variant57,CP000819.1,3909807,G,T,T
Variant58,CP000819.1,3911965,ATTTTTTT,ATTTTTT,ATTTTTT
Variant59,CP000819.1,4100183,A,G,G
Variant60,CP000819.1,4107018,T,A,A
Variant61,CP000819.1,4180200,T,G,G
Variant62,CP000819.1,4201958,A,C,C
Variant63,CP000819.1,4363338,C,A,A
Variant64,CP000819.1,4431393,TGG,T,T
Variant65,CP000819.1,4433347,A,G,G
Variant66,CP000819.1,4533844,G,A,A
Variant67,CP000819.1,4538793,A,G,G
Variant68,CP000819.1,4541877,A,G,G
Variant69,CP000819.1,4553255,C,T,T
Variant70,CP000819.1,4556437,A,T,T
Variant71,CP000819.1,4561282,T,C,C
Variant72,CP000819.1,4616538,A,C,C
